-- MySQL dump 10.13  Distrib 8.0.18, for Win64 (x86_64)
--
-- Host: localhost    Database: automarket
-- ------------------------------------------------------
-- Server version	8.0.18

/*!40101 SET @OLD_CHARACTER_SET_CLIENT=@@CHARACTER_SET_CLIENT */;
/*!40101 SET @OLD_CHARACTER_SET_RESULTS=@@CHARACTER_SET_RESULTS */;
/*!40101 SET @OLD_COLLATION_CONNECTION=@@COLLATION_CONNECTION */;
/*!50503 SET NAMES utf8 */;
/*!40103 SET @OLD_TIME_ZONE=@@TIME_ZONE */;
/*!40103 SET TIME_ZONE='+00:00' */;
/*!40014 SET @OLD_UNIQUE_CHECKS=@@UNIQUE_CHECKS, UNIQUE_CHECKS=0 */;
/*!40014 SET @OLD_FOREIGN_KEY_CHECKS=@@FOREIGN_KEY_CHECKS, FOREIGN_KEY_CHECKS=0 */;
/*!40101 SET @OLD_SQL_MODE=@@SQL_MODE, SQL_MODE='NO_AUTO_VALUE_ON_ZERO' */;
/*!40111 SET @OLD_SQL_NOTES=@@SQL_NOTES, SQL_NOTES=0 */;

--
-- Table structure for table `advertisement`
--

DROP TABLE IF EXISTS `advertisement`;
/*!40101 SET @saved_cs_client     = @@character_set_client */;
/*!50503 SET character_set_client = utf8mb4 */;
CREATE TABLE `advertisement` (
  `id` int(11) NOT NULL AUTO_INCREMENT,
  `year` int(11) DEFAULT NULL,
  `price` decimal(10,0) DEFAULT NULL,
  `model_id` int(11) DEFAULT NULL,
  `mark_id` int(11) DEFAULT NULL,
  PRIMARY KEY (`id`),
  KEY `advertisement_mark_fk_idx` (`mark_id`),
  KEY `advertisement_model_fk_idx` (`model_id`),
  CONSTRAINT `advertisement_mark_fk` FOREIGN KEY (`mark_id`) REFERENCES `mark` (`id`) ON DELETE CASCADE ON UPDATE CASCADE,
  CONSTRAINT `advertisement_model_fk` FOREIGN KEY (`model_id`) REFERENCES `model` (`id`)
) ENGINE=InnoDB AUTO_INCREMENT=6 DEFAULT CHARSET=utf8mb4 COLLATE=utf8mb4_0900_ai_ci;
/*!40101 SET character_set_client = @saved_cs_client */;

--
-- Dumping data for table `advertisement`
--

LOCK TABLES `advertisement` WRITE;
/*!40000 ALTER TABLE `advertisement` DISABLE KEYS */;
INSERT INTO `advertisement` VALUES (1,2014,554850,6,2),(2,2003,199746,5,2),(3,2010,455328,3,3),(4,2009,257040,2,1),(5,2016,384336,2,1);
/*!40000 ALTER TABLE `advertisement` ENABLE KEYS */;
UNLOCK TABLES;

--
-- Table structure for table `mark`
--

DROP TABLE IF EXISTS `mark`;
/*!40101 SET @saved_cs_client     = @@character_set_client */;
/*!50503 SET character_set_client = utf8mb4 */;
CREATE TABLE `mark` (
  `id` int(11) NOT NULL AUTO_INCREMENT,
  `mark` varchar(45) NOT NULL,
  PRIMARY KEY (`id`)
) ENGINE=InnoDB AUTO_INCREMENT=8 DEFAULT CHARSET=utf8mb4 COLLATE=utf8mb4_0900_ai_ci;
/*!40101 SET character_set_client = @saved_cs_client */;

--
-- Dumping data for table `mark`
--

LOCK TABLES `mark` WRITE;
/*!40000 ALTER TABLE `mark` DISABLE KEYS */;
INSERT INTO `mark` VALUES (1,'honda'),(2,'audi'),(3,'bmw'),(4,'fiat'),(5,'kia'),(6,'skoda'),(7,'subaru');
/*!40000 ALTER TABLE `mark` ENABLE KEYS */;
UNLOCK TABLES;

--
-- Table structure for table `model`
--

DROP TABLE IF EXISTS `model`;
/*!40101 SET @saved_cs_client     = @@character_set_client */;
/*!50503 SET character_set_client = utf8mb4 */;
CREATE TABLE `model` (
  `id` int(11) NOT NULL AUTO_INCREMENT,
  `model` varchar(45) NOT NULL,
  `mark_id` int(11) DEFAULT NULL,
  PRIMARY KEY (`id`),
  KEY `model_mark_fk_idx` (`mark_id`),
  CONSTRAINT `model_mark_fk` FOREIGN KEY (`mark_id`) REFERENCES `mark` (`id`) ON DELETE CASCADE ON UPDATE CASCADE
) ENGINE=InnoDB AUTO_INCREMENT=7 DEFAULT CHARSET=utf8mb4 COLLATE=utf8mb4_0900_ai_ci;
/*!40101 SET character_set_client = @saved_cs_client */;

--
-- Dumping data for table `model`
--

LOCK TABLES `model` WRITE;
/*!40000 ALTER TABLE `model` DISABLE KEYS */;
INSERT INTO `model` VALUES (1,'pilot',1),(2,'accord',1),(3,'X5',3),(4,'M6',3),(5,'TT',2),(6,'S4',2);
/*!40000 ALTER TABLE `model` ENABLE KEYS */;
UNLOCK TABLES;
/*!40103 SET TIME_ZONE=@OLD_TIME_ZONE */;

/*!40101 SET SQL_MODE=@OLD_SQL_MODE */;
/*!40014 SET FOREIGN_KEY_CHECKS=@OLD_FOREIGN_KEY_CHECKS */;
/*!40014 SET UNIQUE_CHECKS=@OLD_UNIQUE_CHECKS */;
/*!40101 SET CHARACTER_SET_CLIENT=@OLD_CHARACTER_SET_CLIENT */;
/*!40101 SET CHARACTER_SET_RESULTS=@OLD_CHARACTER_SET_RESULTS */;
/*!40101 SET COLLATION_CONNECTION=@OLD_COLLATION_CONNECTION */;
/*!40111 SET SQL_NOTES=@OLD_SQL_NOTES */;

-- Dump completed on 2020-02-07 13:35:25
